Lokasi,Negara,Latitude,Longitude,Tanggal,Waktu,Suhu_C,Terasa_C,Kondisi,Kelembapan_pct,Peluang_Hujan_pct,Curah_Hujan_mm,Kecepatan_Angin_kph,Tekanan_mb,Tutupan_Awan_pct,UV
Bandung,Indonesia,-6.9039,107.6186,2026-09-23,2026-09-23 00:00:00,19.9,22.1,Overcast,87,28,0.0,2.5,1015.0,100,0.0
Bandung,Indonesia,-6.9039,107.6186,2026-09-23,2026-09-23 01:00:00,19.6,21.7,Smoky haze,88,27,0.0,2.9,1014.0,96,0.0
Bandung,Indonesia,-6.9039,107.6186,2026-09-23,2026-09-23 02:00:00,19.4,21.5,Smoky haze,88,28,0.0,2.2,1014.0,98,0.0
Bandung,Indonesia,-6.9039,107.6186,2026-09-23,2026-09-23 03:00:00,19.2,21.2,Smoky haze,88,18,0.0,2.5,1014.0,52,0.0
Bandung,Indonesia,-6.9039,107.6186,2026-09-23,2026-09-23 04:00:00,19.1,20.6,Smoky haze,87,13,0.0,4.3,1014.0,9,0.0
Bandung,Indonesia,-6.9039,107.6186,2026-09-23,2026-09-23 05:00:00,19.0,20.5,Smoky haze,86,12,0.0,4.0,1014.0,5,0.0
Bandung,Indonesia,-6.9039,107.6186,2026-09-23,2026-09-23 06:00:00,19.1,20.6,Smoky haze,84,16,0.0,4.0,1015.0,49,0.0
Bandung,Indonesia,-6.9039,107.6186,2026-09-23,2026-09-23 07:00:00,21.4,23.2,Smoky haze,74,9,0.0,3.6,1015.0,28,0.7
Bandung,Indonesia,-6.9039,107.6186,2026-09-23,2026-09-23 08:00:00,23.8,25.3,Smoky haze,65,4,0.0,4.0,1016.0,3,2.6
Bandung,Indonesia,-6.9039,107.6186,2026-09-23,2026-09-23 09:00:00,26.1,27.1,Smoky haze,56,3,0.0,4.3,1016.0,5,5.8
Bandung,Indonesia,-6.9039,107.6186,2026-09-23,2026-09-23 10:00:00,28.3,28.5,Smoky haze,47,2,0.0,4.7,1015.0,5,9.3
Bandung,Indonesia,-6.9039,107.6186,2026-09-23,2026-09-23 11:00:00,29.8,29.6,Patchy rain nearby,41,8,0.03,6.1,1013.0,74,11.0
Bandung,Indonesia,-6.9039,107.6186,2026-09-23,2026-09-23 12:00:00,30.4,30.0,Patchy rain nearby,38,5,0.01,9.4,1012.0,58,11.1
Bandung,Indonesia,-6.9039,107.6186,2026-09-23,2026-09-23 13:00:00,30.2,30.0,Patchy rain nearby,39,7,0.02,8.6,1011.0,75,7.7
Bandung,Indonesia,-6.9039,107.6186,2026-09-23,2026-09-23 14:00:00,28.8,28.8,Patchy rain nearby,44,11,0.01,7.2,1010.0,100,3.1
Bandung,Indonesia,-6.9039,107.6186,2026-09-23,2026-09-23 15:00:00,25.6,26.2,Light drizzle,58,38,0.35,9.4,1011.0,100,1.2
Bandung,Indonesia,-6.9039,107.6186,2026-09-23,2026-09-23 16:00:00,23.0,24.1,Light rain shower,75,54,0.63,9.4,1011.0,99,0.5
Bandung,Indonesia,-6.9039,107.6186,2026-09-23,2026-09-23 17:00:00,22.8,24.6,Light rain shower,76,64,1.09,6.1,1012.0,98,0.1
Bandung,Indonesia,-6.9039,107.6186,2026-09-23,2026-09-23 18:00:00,23.0,25.1,Light rain shower,74,36,0.42,4.3,1012.0,56,0.0
Bandung,Indonesia,-6.9039,107.6186,2026-09-23,2026-09-23 19:00:00,22.5,25.0,Patchy rain nearby,77,23,0.09,1.8,1013.0,72,0.0
Bandung,Indonesia,-6.9039,107.6186,2026-09-23,2026-09-23 20:00:00,22.1,24.7,Patchy rain nearby,79,21,0.04,1.4,1014.0,79,0.0
Bandung,Indonesia,-6.9039,107.6186,2026-09-23,2026-09-23 21:00:00,21.2,23.8,Patchy rain nearby,82,24,0.02,1.4,1015.0,89,0.0
Bandung,Indonesia,-6.9039,107.6186,2026-09-23,2026-09-23 22:00:00,20.7,22.9,Smoke,83,15,0.0,2.9,1015.0,50,0.0
Bandung,Indonesia,-6.9039,107.6186,2026-09-23,2026-09-23 23:00:00,20.2,22.3,Smoke,83,22,0.0,2.5,1015.0,82,0.0
Bandung,Indonesia,-6.9039,107.6186,2026-09-24,2026-09-24 00:00:00,19.9,22.1,Patchy rain nearby,84,25,0.01,1.4,1014.0,94,0.0
Bandung,Indonesia,-6.9039,107.6186,2026-09-24,2026-09-24 01:00:00,19.7,21.6,Smoky haze,85,26,0.0,2.9,1013.0,99,0.0
Bandung,Indonesia,-6.9039,107.6186,2026-09-24,2026-09-24 02:00:00,19.5,21.2,Smoky haze,85,26,0.0,3.2,1013.0,98,0.0
Bandung,Indonesia,-6.9039,107.6186,2026-09-24,2026-09-24 03:00:00,19.2,20.9,Smoky haze,85,26,0.0,2.9,1013.0,100,0.0
Bandung,Indonesia,-6.9039,107.6186,2026-09-24,2026-09-24 04:00:00,19.1,20.9,Smoky haze,85,26,0.0,1.8,1013.0,100,0.0
Bandung,Indonesia,-6.9039,107.6186,2026-09-24,2026-09-24 05:00:00,19.0,20.5,Smoky haze,85,26,0.0,3.6,1014.0,100,0.0
Bandung,Indonesia,-6.9039,107.6186,2026-09-24,2026-09-24 06:00:00,19.2,20.4,Smoky haze,83,25,0.0,4.7,1014.0,100,0.0
Bandung,Indonesia,-6.9039,107.6186,2026-09-24,2026-09-24 07:00:00,21.2,22.7,Smoky haze,74,20,0.0,3.2,1015.0,100,0.7
Bandung,Indonesia,-6.9039,107.6186,2026-09-24,2026-09-24 08:00:00,23.7,25.3,Smoky haze,63,15,0.0,2.9,1015.0,100,2.5
Bandung,Indonesia,-6.9039,107.6186,2026-09-24,2026-09-24 09:00:00,26.0,27.0,Smoky haze,54,13,0.0,4.0,1015.0,100,5.5
Bandung,Indonesia,-6.9039,107.6186,2026-09-24,2026-09-24 10:00:00,27.7,28.0,Smoky haze,49,11,0.0,6.1,1014.0,100,8.6
Bandung,Indonesia,-6.9039,107.6186,2026-09-24,2026-09-24 11:00:00,29.1,29.0,Smoky haze,44,10,0.0,6.8,1013.0,100,10.9
Bandung,Indonesia,-6.9039,107.6186,2026-09-24,2026-09-24 12:00:00,30.3,30.3,Smoky haze,40,9,0.0,8.3,1011.0,91,12.2
Bandung,Indonesia,-6.9039,107.6186,2026-09-24,2026-09-24 13:00:00,31.0,30.5,Patchy rain nearby,36,10,0.01,9.7,1010.0,100,10.9
Bandung,Indonesia,-6.9039,107.6186,2026-09-24,2026-09-24 14:00:00,30.8,30.0,Patchy rain nearby,36,10,0.01,10.8,1009.0,100,7.1
Bandung,Indonesia,-6.9039,107.6186,2026-09-24,2026-09-24 15:00:00,30.6,29.2,Patchy rain nearby,37,12,0.04,14.0,1009.0,100,3.5
Bandung,Indonesia,-6.9039,107.6186,2026-09-24,2026-09-24 16:00:00,28.2,28.3,Light rain shower,45,19,0.24,17.3,1010.0,81,0.9
Bandung,Indonesia,-6.9039,107.6186,2026-09-24,2026-09-24 17:00:00,25.9,26.2,Patchy rain nearby,57,17,0.06,12.2,1011.0,96,0.2
Bandung,Indonesia,-6.9039,107.6186,2026-09-24,2026-09-24 18:00:00,23.8,24.3,Patchy rain nearby,67,18,0.09,10.4,1013.0,71,0.0
Bandung,Indonesia,-6.9039,107.6186,2026-09-24,2026-09-24 19:00:00,22.8,24.3,Patchy rain nearby,74,24,0.04,6.5,1014.0,98,0.0
Bandung,Indonesia,-6.9039,107.6186,2026-09-24,2026-09-24 20:00:00,22.1,23.9,Patchy rain nearby,78,25,0.06,5.4,1015.0,87,0.0
Bandung,Indonesia,-6.9039,107.6186,2026-09-24,2026-09-24 21:00:00,21.6,23.5,Patchy rain nearby,82,20,0.03,5.0,1016.0,63,0.0
Bandung,Indonesia,-6.9039,107.6186,2026-09-24,2026-09-24 22:00:00,21.1,23.2,Patchy rain nearby,84,26,0.04,4.3,1016.0,83,0.0
Bandung,Indonesia,-6.9039,107.6186,2026-09-24,2026-09-24 23:00:00,20.8,23.0,Smoke,85,12,0.0,3.6,1015.0,14,0.0
Bandung,Indonesia,-6.9039,107.6186,2026-09-25,2026-09-25 00:00:00,20.6,23.2,Clear,86,12,0.0,1.8,1015.0,5,0.0
Bandung,Indonesia,-6.9039,107.6186,2026-09-25,2026-09-25 01:00:00,20.2,22.7,Patchy rain nearby,87,23,0.02,1.8,1014.0,74,0.0
Bandung,Indonesia,-6.9039,107.6186,2026-09-25,2026-09-25 02:00:00,20.1,22.4,Smoke,88,13,0.0,2.5,1014.0,12,0.0
Bandung,Indonesia,-6.9039,107.6186,2026-09-25,2026-09-25 03:00:00,19.9,22.2,Smoky haze,88,16,0.0,2.5,1013.0,36,0.0
Bandung,Indonesia,-6.9039,107.6186,2026-09-25,2026-09-25 04:00:00,19.8,21.7,Smoky haze,87,14,0.0,3.6,1014.0,28,0.0
Bandung,Indonesia,-6.9039,107.6186,2026-09-25,2026-09-25 05:00:00,19.7,21.8,Smoky haze,86,27,0.0,2.5,1014.0,98,0.0
Bandung,Indonesia,-6.9039,107.6186,2026-09-25,2026-09-25 06:00:00,20.0,22.1,Smoky haze,84,26,0.0,2.2,1015.0,100,0.0
Bandung,Indonesia,-6.9039,107.6186,2026-09-25,2026-09-25 07:00:00,22.0,24.3,Smoky haze,76,21,0.0,1.8,1016.0,100,0.7
Bandung,Indonesia,-6.9039,107.6186,2026-09-25,2026-09-25 08:00:00,24.4,26.8,Smoky haze,66,16,0.0,1.4,1016.0,100,2.3
Bandung,Indonesia,-6.9039,107.6186,2026-09-25,2026-09-25 09:00:00,26.9,27.7,Smoky haze,55,13,0.0,4.3,1016.0,100,5.3
Bandung,Indonesia,-6.9039,107.6186,2026-09-25,2026-09-25 10:00:00,28.5,28.8,Patchy rain nearby,48,12,0.01,6.1,1015.0,100,8.5
Bandung,Indonesia,-6.9039,107.6186,2026-09-25,2026-09-25 11:00:00,29.5,29.5,Patchy rain nearby,44,12,0.03,9.4,1013.0,100,10.0
Bandung,Indonesia,-6.9039,107.6186,2026-09-25,2026-09-25 12:00:00,30.3,30.2,Light rain shower,41,17,0.17,12.6,1012.0,65,10.1
Bandung,Indonesia,-6.9039,107.6186,2026-09-25,2026-09-25 13:00:00,30.1,29.9,Light rain shower,41,20,0.19,13.0,1011.0,100,6.9
Bandung,Indonesia,-6.9039,107.6186,2026-09-25,2026-09-25 14:00:00,27.9,28.2,Light rain shower,49,36,0.33,11.2,1011.0,99,2.9
Bandung,Indonesia,-6.9039,107.6186,2026-09-25,2026-09-25 15:00:00,26.4,27.2,Light rain shower,56,58,1.68,7.9,1011.0,100,0.9
Bandung,Indonesia,-6.9039,107.6186,2026-09-25,2026-09-25 16:00:00,24.3,25.0,Light rain shower,68,45,0.49,10.4,1012.0,100,0.3
Bandung,Indonesia,-6.9039,107.6186,2026-09-25,2026-09-25 17:00:00,22.6,24.1,Light rain shower,76,45,0.42,7.2,1013.0,91,0.1
Bandung,Indonesia,-6.9039,107.6186,2026-09-25,2026-09-25 18:00:00,22.2,25.0,Light rain shower,80,45,0.55,1.1,1014.0,60,0.0
Bandung,Indonesia,-6.9039,107.6186,2026-09-25,2026-09-25 19:00:00,21.6,24.6,Light rain shower,83,32,0.19,0.7,1015.0,71,0.0
Bandung,Indonesia,-6.9039,107.6186,2026-09-25,2026-09-25 20:00:00,21.2,23.8,Light rain shower,86,35,0.16,2.9,1015.0,80,0.0
Bandung,Indonesia,-6.9039,107.6186,2026-09-25,2026-09-25 21:00:00,21.1,23.7,Patchy rain nearby,87,26,0.03,2.9,1016.0,82,0.0
Bandung,Indonesia,-6.9039,107.6186,2026-09-25,2026-09-25 22:00:00,20.9,23.6,Patchy rain nearby,88,30,0.05,2.5,1016.0,89,0.0
Bandung,Indonesia,-6.9039,107.6186,2026-09-25,2026-09-25 23:00:00,20.9,23.7,Patchy rain nearby,88,40,0.14,1.8,1015.0,99,0.0
Denpasar,Indonesia,-8.65,115.2167,2026-09-23,2026-09-23 00:00:00,25.2,26.2,Patchy rain nearby,83,28,0.03,19.8,1014.0,100,0.0
Denpasar,Indonesia,-8.65,115.2167,2026-09-23,2026-09-23 01:00:00,25.2,26.4,Patchy rain nearby,82,26,0.02,18.0,1013.0,98,0.0
Denpasar,Indonesia,-8.65,115.2167,2026-09-23,2026-09-23 02:00:00,25.2,26.6,Patchy rain nearby,82,27,0.03,16.9,1013.0,100,0.0
Denpasar,Indonesia,-8.65,115.2167,2026-09-23,2026-09-23 03:00:00,25.0,26.4,Patchy rain nearby,83,31,0.07,17.3,1013.0,100,0.0
Denpasar,Indonesia,-8.65,115.2167,2026-09-23,2026-09-23 04:00:00,25.1,26.6,Patchy rain nearby,83,32,0.07,16.6,1013.0,100,0.0
Denpasar,Indonesia,-8.65,115.2167,2026-09-23,2026-09-23 05:00:00,25.1,26.5,Patchy rain nearby,83,29,0.05,16.9,1013.0,95,0.0
Denpasar,Indonesia,-8.65,115.2167,2026-09-23,2026-09-23 06:00:00,25.1,26.6,Patchy rain nearby,84,31,0.06,17.3,1014.0,100,0.0
Denpasar,Indonesia,-8.65,115.2167,2026-09-23,2026-09-23 07:00:00,25.2,26.5,Patchy rain nearby,84,33,0.08,18.0,1014.0,98,0.3
Denpasar,Indonesia,-8.65,115.2167,2026-09-23,2026-09-23 08:00:00,25.3,26.6,Patchy rain nearby,84,28,0.07,18.7,1015.0,80,1.5
Denpasar,Indonesia,-8.65,115.2167,2026-09-23,2026-09-23 09:00:00,25.5,26.7,Patchy rain nearby,82,25,0.05,19.1,1015.0,80,4.0
Denpasar,Indonesia,-8.65,115.2167,2026-09-23,2026-09-23 10:00:00,25.6,26.7,Patchy rain nearby,82,24,0.04,19.4,1015.0,83,7.5
Denpasar,Indonesia,-8.65,115.2167,2026-09-23,2026-09-23 11:00:00,25.6,27.0,Patchy rain nearby,81,21,0.04,17.6,1014.0,71,10.8
Denpasar,Indonesia,-8.65,115.2167,2026-09-23,2026-09-23 12:00:00,25.6,27.0,Sunny,80,9,0.0,16.6,1013.0,5,12.4
Denpasar,Indonesia,-8.65,115.2167,2026-09-23,2026-09-23 13:00:00,25.5,26.6,Patchy rain nearby,80,21,0.02,18.4,1012.0,80,12.0
Denpasar,Indonesia,-8.65,115.2167,2026-09-23,2026-09-23 14:00:00,25.5,26.5,Sunny,80,9,0.0,19.1,1012.0,5,9.7
Denpasar,Indonesia,-8.65,115.2167,2026-09-23,2026-09-23 15:00:00,25.7,26.9,Sunny,79,9,0.0,18.4,1011.0,16,6.1
Denpasar,Indonesia,-8.65,115.2167,2026-09-23,2026-09-23 16:00:00,25.9,27.3,Partly Cloudy,78,12,0.0,16.6,1011.0,45,2.9
Denpasar,Indonesia,-8.65,115.2167,2026-09-23,2026-09-23 17:00:00,25.9,27.5,Overcast,78,21,0.0,16.2,1011.0,96,0.9
Denpasar,Indonesia,-8.65,115.2167,2026-09-23,2026-09-23 18:00:00,25.8,27.6,Sunny,80,9,0.0,14.4,1012.0,5,0.0
Denpasar,Indonesia,-8.65,115.2167,2026-09-23,2026-09-23 19:00:00,25.7,27.8,Clear,82,10,0.0,12.6,1013.0,5,0.0
Denpasar,Indonesia,-8.65,115.2167,2026-09-23,2026-09-23 20:00:00,25.5,27.4,Clear,84,11,0.0,14.8,1014.0,6,0.0
Denpasar,Indonesia,-8.65,115.2167,2026-09-23,2026-09-23 21:00:00,25.4,27.0,Partly Cloudy,85,15,0.0,17.3,1014.0,41,0.0
Denpasar,Indonesia,-8.65,115.2167,2026-09-23,2026-09-23 22:00:00,25.3,26.7,Patchy rain nearby,86,25,0.01,19.1,1014.0,89,0.0
Denpasar,Indonesia,-8.65,115.2167,2026-09-23,2026-09-23 23:00:00,25.3,26.6,Patchy rain nearby,86,32,0.07,19.4,1014.0,94,0.0
Denpasar,Indonesia,-8.65,115.2167,2026-09-24,2026-09-24 00:00:00,25.3,26.6,Patchy rain nearby,86,35,0.08,20.2,1013.0,100,0.0
Denpasar,Indonesia,-8.65,115.2167,2026-09-24,2026-09-24 01:00:00,25.2,26.3,Patchy rain nearby,84,30,0.04,20.2,1013.0,100,0.0
Denpasar,Indonesia,-8.65,115.2167,2026-09-24,2026-09-24 02:00:00,25.1,26.6,Patchy rain nearby,84,28,0.04,17.6,1012.0,94,0.0
Denpasar,Indonesia,-8.65,115.2167,2026-09-24,2026-09-24 03:00:00,25.1,26.9,Patchy rain nearby,84,30,0.04,15.5,1012.0,98,0.0
Denpasar,Indonesia,-8.65,115.2167,2026-09-24,2026-09-24 04:00:00,25.0,27.2,Patchy rain nearby,84,28,0.03,13.7,1012.0,98,0.0
Denpasar,Indonesia,-8.65,115.2167,2026-09-24,2026-09-24 05:00:00,25.0,27.1,Patchy rain nearby,83,29,0.04,13.7,1012.0,99,0.0
Denpasar,Indonesia,-8.65,115.2167,2026-09-24,2026-09-24 06:00:00,25.0,27.0,Patchy rain nearby,84,28,0.03,14.4,1013.0,96,0.0
Denpasar,Indonesia,-8.65,115.2167,2026-09-24,2026-09-24 07:00:00,25.1,27.2,Patchy rain nearby,84,23,0.03,14.0,1014.0,76,0.3
Denpasar,Indonesia,-8.65,115.2167,2026-09-24,2026-09-24 08:00:00,25.4,27.3,Patchy rain nearby,84,21,0.03,15.1,1014.0,68,1.5
Denpasar,Indonesia,-8.65,115.2167,2026-09-24,2026-09-24 09:00:00,25.5,27.0,Patchy rain nearby,84,21,0.01,18.4,1015.0,75,4.1
Denpasar,Indonesia,-8.65,115.2167,2026-09-24,2026-09-24 10:00:00,25.7,27.0,Patchy rain nearby,84,21,0.03,20.2,1015.0,70,7.5
Denpasar,Indonesia,-8.65,115.2167,2026-09-24,2026-09-24 11:00:00,25.7,27.1,Patchy rain nearby,84,20,0.01,19.8,1014.0,74,10.7
Denpasar,Indonesia,-8.65,115.2167,2026-09-24,2026-09-24 12:00:00,25.7,26.9,Patchy rain nearby,84,22,0.01,21.2,1013.0,79,12.3
Denpasar,Indonesia,-8.65,115.2167,2026-09-24,2026-09-24 13:00:00,25.6,26.6,Sunny,84,11,0.0,21.6,1012.0,5,11.8
Denpasar,Indonesia,-8.65,115.2167,2026-09-24,2026-09-24 14:00:00,25.6,26.8,Patchy rain nearby,83,22,0.01,19.8,1011.0,80,9.1
Denpasar,Indonesia,-8.65,115.2167,2026-09-24,2026-09-24 15:00:00,25.9,27.3,Sunny,81,10,0.0,19.4,1011.0,5,5.8
Denpasar,Indonesia,-8.65,115.2167,2026-09-24,2026-09-24 16:00:00,26.1,27.5,Sunny,80,9,0.0,19.8,1010.0,5,2.5
Denpasar,Indonesia,-8.65,115.2167,2026-09-24,2026-09-24 17:00:00,26.1,27.6,Sunny,81,9,0.0,19.1,1011.0,5,0.8
Denpasar,Indonesia,-8.65,115.2167,2026-09-24,2026-09-24 18:00:00,25.9,27.7,Sunny,83,10,0.0,17.3,1012.0,5,0.0
Denpasar,Indonesia,-8.65,115.2167,2026-09-24,2026-09-24 19:00:00,25.7,27.4,Clear,85,11,0.0,18.4,1012.0,5,0.0
Denpasar,Indonesia,-8.65,115.2167,2026-09-24,2026-09-24 20:00:00,25.6,26.9,Clear,85,11,0.0,20.2,1013.0,5,0.0
Denpasar,Indonesia,-8.65,115.2167,2026-09-24,2026-09-24 21:00:00,25.5,26.5,Clear,85,11,0.0,21.6,1014.0,5,0.0
Denpasar,Indonesia,-8.65,115.2167,2026-09-24,2026-09-24 22:00:00,25.6,26.4,Overcast,86,25,0.0,24.1,1014.0,94,0.0
Denpasar,Indonesia,-8.65,115.2167,2026-09-24,2026-09-24 23:00:00,25.6,26.1,Partly Cloudy,86,18,0.0,25.9,1014.0,56,0.0
Denpasar,Indonesia,-8.65,115.2167,2026-09-25,2026-09-25 00:00:00,25.4,26.1,Patchy rain nearby,85,27,0.01,23.8,1014.0,100,0.0
Denpasar,Indonesia,-8.65,115.2167,2026-09-25,2026-09-25 01:00:00,25.3,26.2,Overcast,84,25,0.0,20.5,1013.0,98,0.0
Denpasar,Indonesia,-8.65,115.2167,2026-09-25,2026-09-25 02:00:00,25.1,26.1,Clear,83,12,0.0,19.1,1013.0,22,0.0
Denpasar,Indonesia,-8.65,115.2167,2026-09-25,2026-09-25 03:00:00,25.3,26.4,Clear,83,12,0.0,18.7,1012.0,22,0.0
Denpasar,Indonesia,-8.65,115.2167,2026-09-25,2026-09-25 04:00:00,25.2,26.6,Clear,83,11,0.0,17.3,1012.0,14,0.0
Denpasar,Indonesia,-8.65,115.2167,2026-09-25,2026-09-25 05:00:00,25.3,27.0,Patchy rain nearby,84,21,0.02,16.2,1013.0,70,0.0
Denpasar,Indonesia,-8.65,115.2167,2026-09-25,2026-09-25 06:00:00,25.2,27.0,Patchy rain nearby,85,23,0.03,16.6,1013.0,72,0.0
Denpasar,Indonesia,-8.65,115.2167,2026-09-25,2026-09-25 07:00:00,25.4,27.2,Patchy rain nearby,85,23,0.02,16.9,1014.0,76,0.3
Denpasar,Indonesia,-8.65,115.2167,2026-09-25,2026-09-25 08:00:00,25.6,27.2,Patchy rain nearby,85,27,0.06,18.0,1015.0,81,1.5
Denpasar,Indonesia,-8.65,115.2167,2026-09-25,2026-09-25 09:00:00,25.6,27.1,Patchy rain nearby,85,23,0.04,18.7,1015.0,72,4.0
Denpasar,Indonesia,-8.65,115.2167,2026-09-25,2026-09-25 10:00:00,25.7,27.4,Patchy rain nearby,84,24,0.02,17.3,1015.0,86,7.6
Denpasar,Indonesia,-8.65,115.2167,2026-09-25,2026-09-25 11:00:00,25.6,27.4,Sunny,84,11,0.0,16.2,1014.0,5,10.9
Denpasar,Indonesia,-8.65,115.2167,2026-09-25,2026-09-25 12:00:00,25.3,26.6,Patchy rain nearby,86,25,0.01,19.1,1013.0,87,12.4
Denpasar,Indonesia,-8.65,115.2167,2026-09-25,2026-09-25 13:00:00,25.2,26.4,Sunny,85,11,0.0,19.8,1012.0,6,11.9
Denpasar,Indonesia,-8.65,115.2167,2026-09-25,2026-09-25 14:00:00,25.6,27.2,Sunny,83,10,0.0,16.6,1011.0,5,9.1
Denpasar,Indonesia,-8.65,115.2167,2026-09-25,2026-09-25 15:00:00,25.8,27.6,Sunny,82,10,0.0,15.5,1011.0,10,5.6
Denpasar,Indonesia,-8.65,115.2167,2026-09-25,2026-09-25 16:00:00,26.2,28.0,Sunny,80,9,0.0,16.2,1011.0,6,2.9
Denpasar,Indonesia,-8.65,115.2167,2026-09-25,2026-09-25 17:00:00,26.3,28.3,Sunny,81,10,0.0,16.6,1011.0,5,0.9
Denpasar,Indonesia,-8.65,115.2167,2026-09-25,2026-09-25 18:00:00,26.2,28.2,Sunny,83,10,0.0,16.6,1011.0,6,0.1
Denpasar,Indonesia,-8.65,115.2167,2026-09-25,2026-09-25 19:00:00,25.9,28.0,Partly Cloudy,84,14,0.0,15.5,1012.0,38,0.0
Denpasar,Indonesia,-8.65,115.2167,2026-09-25,2026-09-25 20:00:00,25.8,27.9,Overcast,86,24,0.0,15.8,1013.0,88,0.0
Denpasar,Indonesia,-8.65,115.2167,2026-09-25,2026-09-25 21:00:00,25.6,27.5,Cloudy,86,24,0.0,16.6,1014.0,87,0.0
Denpasar,Indonesia,-8.65,115.2167,2026-09-25,2026-09-25 22:00:00,25.5,27.7,Clear,87,13,0.0,15.1,1014.0,14,0.0
Denpasar,Indonesia,-8.65,115.2167,2026-09-25,2026-09-25 23:00:00,25.5,27.7,Cloudy,86,24,0.0,14.8,1014.0,85,0.0
Jakarta,Indonesia,-6.2146,106.8451,2026-09-23,2026-09-23 00:00:00,28.2,30.5,Partly Cloudy,66,7,0.0,6.5,1013.0,35,0.0
Jakarta,Indonesia,-6.2146,106.8451,2026-09-23,2026-09-23 01:00:00,27.9,30.3,Severe smog,68,11,0.0,5.0,1012.0,66,0.0
Jakarta,Indonesia,-6.2146,106.8451,2026-09-23,2026-09-23 02:00:00,27.6,29.8,Severe smog,69,17,0.0,5.4,1012.0,99,0.0
Jakarta,Indonesia,-6.2146,106.8451,2026-09-23,2026-09-23 03:00:00,27.5,29.6,Severe smog,70,16,0.0,5.4,1011.0,94,0.0
Jakarta,Indonesia,-6.2146,106.8451,2026-09-23,2026-09-23 04:00:00,27.3,29.4,Severe smog,71,6,0.0,4.0,1011.0,5,0.0
Jakarta,Indonesia,-6.2146,106.8451,2026-09-23,2026-09-23 05:00:00,27.3,29.4,Smog,71,6,0.0,1.8,1012.0,11,0.0
Jakarta,Indonesia,-6.2146,106.8451,2026-09-23,2026-09-23 06:00:00,27.2,29.3,Smog,70,12,0.0,0.7,1013.0,67,0.0
Jakarta,Indonesia,-6.2146,106.8451,2026-09-23,2026-09-23 07:00:00,27.9,30.2,Severe smog,68,6,0.0,3.6,1013.0,24,0.5
Jakarta,Indonesia,-6.2146,106.8451,2026-09-23,2026-09-23 08:00:00,29.0,31.6,Smog,64,8,0.0,4.3,1014.0,48,1.9
Jakarta,Indonesia,-6.2146,106.8451,2026-09-23,2026-09-23 09:00:00,30.2,33.1,Patchy rain nearby,60,8,0.01,6.1,1014.0,54,4.2
Jakarta,Indonesia,-6.2146,106.8451,2026-09-23,2026-09-23 10:00:00,31.1,34.1,Patchy rain nearby,56,8,0.01,9.0,1013.0,62,6.9
Jakarta,Indonesia,-6.2146,106.8451,2026-09-23,2026-09-23 11:00:00,31.7,34.8,Smoky haze,54,6,0.0,11.2,1012.0,52,8.6
Jakarta,Indonesia,-6.2146,106.8451,2026-09-23,2026-09-23 12:00:00,32.0,35.0,Patchy rain nearby,53,10,0.01,14.0,1011.0,82,9.2
Jakarta,Indonesia,-6.2146,106.8451,2026-09-23,2026-09-23 13:00:00,32.8,35.8,Smoky haze,50,3,0.0,17.3,1010.0,20,8.8
Jakarta,Indonesia,-6.2146,106.8451,2026-09-23,2026-09-23 14:00:00,33.0,36.3,Smoky haze,50,2,0.0,20.5,1009.0,4,6.3
Jakarta,Indonesia,-6.2146,106.8451,2026-09-23,2026-09-23 15:00:00,32.6,36.0,Smoky haze,52,2,0.0,20.9,1008.0,7,3.3
Jakarta,Indonesia,-6.2146,106.8451,2026-09-23,2026-09-23 16:00:00,32.0,35.3,Smoky haze,54,5,0.0,17.6,1008.0,46,1.4
Jakarta,Indonesia,-6.2146,106.8451,2026-09-23,2026-09-23 17:00:00,30.7,34.0,Smoky haze,59,6,0.0,16.6,1009.0,39,0.3
Jakarta,Indonesia,-6.2146,106.8451,2026-09-23,2026-09-23 18:00:00,29.3,32.6,Patchy rain nearby,66,14,0.01,14.8,1010.0,86,0.0
Jakarta,Indonesia,-6.2146,106.8451,2026-09-23,2026-09-23 19:00:00,28.4,31.4,Patchy rain nearby,69,36,0.3,13.7,1011.0,89,0.0
Jakarta,Indonesia,-6.2146,106.8451,2026-09-23,2026-09-23 20:00:00,28.3,31.1,Patchy rain nearby,68,24,0.21,10.4,1012.0,71,0.0
Jakarta,Indonesia,-6.2146,106.8451,2026-09-23,2026-09-23 21:00:00,28.2,30.6,Patchy rain nearby,67,25,0.16,9.4,1012.0,89,0.0
Jakarta,Indonesia,-6.2146,106.8451,2026-09-23,2026-09-23 22:00:00,27.6,29.8,Patchy rain nearby,69,45,0.62,7.6,1012.0,84,0.0
Jakarta,Indonesia,-6.2146,106.8451,2026-09-23,2026-09-23 23:00:00,27.5,29.6,Smog,69,6,0.0,5.8,1012.0,16,0.0
Jakarta,Indonesia,-6.2146,106.8451,2026-09-24,2026-09-24 00:00:00,27.6,29.7,Light rain shower,68,31,0.23,5.4,1012.0,98,0.0
Jakarta,Indonesia,-6.2146,106.8451,2026-09-24,2026-09-24 01:00:00,27.5,29.5,Smog,68,17,0.0,5.8,1011.0,100,0.0
Jakarta,Indonesia,-6.2146,106.8451,2026-09-24,2026-09-24 02:00:00,27.3,29.1,Smog,68,17,0.0,6.1,1011.0,100,0.0
Jakarta,Indonesia,-6.2146,106.8451,2026-09-24,2026-09-24 03:00:00,27.1,28.9,Smog,68,17,0.0,7.6,1010.0,100,0.0
Jakarta,Indonesia,-6.2146,106.8451,2026-09-24,2026-09-24 04:00:00,27.0,28.7,Smog,68,17,0.0,7.6,1011.0,99,0.0
Jakarta,Indonesia,-6.2146,106.8451,2026-09-24,2026-09-24 05:00:00,26.8,28.5,Smog,68,13,0.0,7.6,1011.0,79,0.0
Jakarta,Indonesia,-6.2146,106.8451,2026-09-24,2026-09-24 06:00:00,26.7,28.4,Smog,68,12,0.0,8.3,1012.0,72,0.0
Jakarta,Indonesia,-6.2146,106.8451,2026-09-24,2026-09-24 07:00:00,27.3,29.0,Smog,66,16,0.0,8.3,1012.0,100,0.6
Jakarta,Indonesia,-6.2146,106.8451,2026-09-24,2026-09-24 08:00:00,28.4,30.4,Smog,63,15,0.0,8.6,1013.0,100,2.1
Jakarta,Indonesia,-6.2146,106.8451,2026-09-24,2026-09-24 09:00:00,29.6,31.5,Smoky haze,56,13,0.0,7.6,1013.0,100,4.7
Jakarta,Indonesia,-6.2146,106.8451,2026-09-24,2026-09-24 10:00:00,31.3,33.1,Smoky haze,50,11,0.0,6.5,1012.0,100,7.7
Jakarta,Indonesia,-6.2146,106.8451,2026-09-24,2026-09-24 11:00:00,32.4,34.1,Smoky haze,45,11,0.0,9.0,1011.0,100,10.4
Jakarta,Indonesia,-6.2146,106.8451,2026-09-24,2026-09-24 12:00:00,33.0,34.6,Overcast,43,10,0.0,13.3,1010.0,100,11.0
Jakarta,Indonesia,-6.2146,106.8451,2026-09-24,2026-09-24 13:00:00,33.6,35.1,Smoky haze,42,4,0.0,15.8,1009.0,49,10.2
Jakarta,Indonesia,-6.2146,106.8451,2026-09-24,2026-09-24 14:00:00,33.5,35.1,Smoky haze,42,4,0.0,19.4,1009.0,48,7.6
Jakarta,Indonesia,-6.2146,106.8451,2026-09-24,2026-09-24 15:00:00,32.4,34.1,Smoky haze,46,4,0.0,20.9,1008.0,50,4.3
Jakarta,Indonesia,-6.2146,106.8451,2026-09-24,2026-09-24 16:00:00,31.4,33.5,Smoky haze,51,9,0.0,19.8,1009.0,86,1.7
Jakarta,Indonesia,-6.2146,106.8451,2026-09-24,2026-09-24 17:00:00,30.3,32.7,Smoky haze,57,13,0.0,16.9,1010.0,100,0.4
Jakarta,Indonesia,-6.2146,106.8451,2026-09-24,2026-09-24 18:00:00,29.4,32.2,Smoky haze,62,15,0.0,14.4,1011.0,100,0.0
Jakarta,Indonesia,-6.2146,106.8451,2026-09-24,2026-09-24 19:00:00,28.9,32.1,Smoky haze,67,16,0.0,12.2,1012.0,98,0.0
Jakarta,Indonesia,-6.2146,106.8451,2026-09-24,2026-09-24 20:00:00,28.8,32.1,Patchy rain nearby,68,19,0.03,10.1,1013.0,100,0.0
Jakarta,Indonesia,-6.2146,106.8451,2026-09-24,2026-09-24 21:00:00,28.8,31.9,Smog,68,17,0.0,8.6,1013.0,100,0.0
Jakarta,Indonesia,-6.2146,106.8451,2026-09-24,2026-09-24 22:00:00,28.7,31.8,Patchy rain nearby,68,13,0.01,7.9,1013.0,73,0.0
Jakarta,Indonesia,-6.2146,106.8451,2026-09-24,2026-09-24 23:00:00,28.7,31.6,Severe smog,67,8,0.0,8.6,1013.0,42,0.0
Jakarta,Indonesia,-6.2146,106.8451,2026-09-25,2026-09-25 00:00:00,28.4,31.2,Partly Cloudy,68,9,0.0,9.7,1012.0,54,0.0
Jakarta,Indonesia,-6.2146,106.8451,2026-09-25,2026-09-25 01:00:00,28.0,30.5,Patchy rain nearby,68,14,0.01,10.4,1012.0,82,0.0
Jakarta,Indonesia,-6.2146,106.8451,2026-09-25,2026-09-25 02:00:00,27.8,30.1,Smoke,68,6,0.0,9.0,1011.0,22,0.0
Jakarta,Indonesia,-6.2146,106.8451,2026-09-25,2026-09-25 03:00:00,27.7,29.9,Smoke,68,12,0.0,6.8,1011.0,69,0.0
Jakarta,Indonesia,-6.2146,106.8451,2026-09-25,2026-09-25 04:00:00,27.5,29.7,Smoke,69,10,0.0,5.0,1011.0,56,0.0
Jakarta,Indonesia,-6.2146,106.8451,2026-09-25,2026-09-25 05:00:00,27.5,29.6,Smoke,69,17,0.0,4.3,1012.0,100,0.0
Jakarta,Indonesia,-6.2146,106.8451,2026-09-25,2026-09-25 06:00:00,27.6,29.7,Severe smog,68,17,0.0,3.2,1012.0,100,0.0
Jakarta,Indonesia,-6.2146,106.8451,2026-09-25,2026-09-25 07:00:00,28.0,30.3,Severe smog,66,16,0.0,1.4,1013.0,100,0.5
Jakarta,Indonesia,-6.2146,106.8451,2026-09-25,2026-09-25 08:00:00,29.2,31.7,Smog,62,15,0.0,2.2,1014.0,100,2.0
Jakarta,Indonesia,-6.2146,106.8451,2026-09-25,2026-09-25 09:00:00,30.7,33.3,Smoky haze,56,12,0.0,3.2,1014.0,94,4.5
Jakarta,Indonesia,-6.2146,106.8451,2026-09-25,2026-09-25 10:00:00,31.8,34.3,Smoky haze,51,11,0.0,7.9,1013.0,96,7.7
Jakarta,Indonesia,-6.2146,106.8451,2026-09-25,2026-09-25 11:00:00,32.8,35.2,Smoky haze,47,2,0.0,12.2,1012.0,8,9.9
Jakarta,Indonesia,-6.2146,106.8451,2026-09-25,2026-09-25 12:00:00,33.4,35.6,Smoky haze,45,1,0.0,15.8,1011.0,6,10.7
Jakarta,Indonesia,-6.2146,106.8451,2026-09-25,2026-09-25 13:00:00,33.6,36.1,Smoky haze,45,1,0.0,18.4,1010.0,5,9.5
Jakarta,Indonesia,-6.2146,106.8451,2026-09-25,2026-09-25 14:00:00,33.0,36.0,Smoky haze,49,2,0.0,23.8,1009.0,5,6.5
Jakarta,Indonesia,-6.2146,106.8451,2026-09-25,2026-09-25 15:00:00,32.0,35.4,Smoky haze,54,2,0.0,22.7,1009.0,5,3.7
Jakarta,Indonesia,-6.2146,106.8451,2026-09-25,2026-09-25 16:00:00,31.2,34.9,Smoky haze,59,3,0.0,20.2,1009.0,5,1.5
Jakarta,Indonesia,-6.2146,106.8451,2026-09-25,2026-09-25 17:00:00,30.4,33.7,Patchy rain nearby,61,23,0.17,15.1,1010.0,88,0.3
Jakarta,Indonesia,-6.2146,106.8451,2026-09-25,2026-09-25 18:00:00,29.6,32.8,Patchy rain nearby,64,17,0.09,13.7,1011.0,52,0.0
Jakarta,Indonesia,-6.2146,106.8451,2026-09-25,2026-09-25 19:00:00,29.0,32.0,Light rain shower,66,57,1.39,11.2,1012.0,54,0.0
Jakarta,Indonesia,-6.2146,106.8451,2026-09-25,2026-09-25 20:00:00,28.6,31.4,Light rain shower,67,57,1.22,6.1,1013.0,56,0.0
Jakarta,Indonesia,-6.2146,106.8451,2026-09-25,2026-09-25 21:00:00,28.7,31.4,Light rain shower,66,53,0.84,4.0,1013.0,100,0.0
Jakarta,Indonesia,-6.2146,106.8451,2026-09-25,2026-09-25 22:00:00,28.7,31.4,Patchy rain nearby,66,26,0.15,2.9,1013.0,100,0.0
Jakarta,Indonesia,-6.2146,106.8451,2026-09-25,2026-09-25 23:00:00,28.2,30.8,Light rain shower,68,41,0.4,4.3,1013.0,100,0.0
Surabaya,Indonesia,-7.2492,112.7508,2026-09-23,2026-09-23 00:00:00,26.5,28.5,Patchy rain nearby,74,20,0.01,9.4,1013.0,98,0.0
Surabaya,Indonesia,-7.2492,112.7508,2026-09-23,2026-09-23 01:00:00,26.1,28.4,Patchy rain nearby,75,22,0.02,6.8,1012.0,100,0.0
Surabaya,Indonesia,-7.2492,112.7508,2026-09-23,2026-09-23 02:00:00,26.1,28.6,Patchy rain nearby,76,19,0.03,4.3,1012.0,80,0.0
Surabaya,Indonesia,-7.2492,112.7508,2026-09-23,2026-09-23 03:00:00,26.1,28.6,Patchy rain nearby,74,19,0.01,3.2,1012.0,88,0.0
Surabaya,Indonesia,-7.2492,112.7508,2026-09-23,2026-09-23 04:00:00,26.1,28.6,Patchy rain nearby,74,19,0.01,3.2,1012.0,89,0.0
Surabaya,Indonesia,-7.2492,112.7508,2026-09-23,2026-09-23 05:00:00,26.0,28.6,Patchy rain nearby,74,14,0.01,2.5,1013.0,68,0.0
Surabaya,Indonesia,-7.2492,112.7508,2026-09-23,2026-09-23 06:00:00,26.0,28.7,Smoky haze,73,10,0.0,1.4,1014.0,38,0.1
Surabaya,Indonesia,-7.2492,112.7508,2026-09-23,2026-09-23 07:00:00,27.3,29.1,Smoky haze,67,5,0.0,3.6,1014.0,10,1.1
Surabaya,Indonesia,-7.2492,112.7508,2026-09-23,2026-09-23 08:00:00,29.1,31.1,Smoky haze,60,3,0.0,3.2,1014.0,5,3.3
Surabaya,Indonesia,-7.2492,112.7508,2026-09-23,2026-09-23 09:00:00,30.6,32.5,Sunny,53,2,0.0,6.5,1014.0,0,6.5
Surabaya,Indonesia,-7.2492,112.7508,2026-09-23,2026-09-23 10:00:00,31.4,33.2,Sunny,50,2,0.0,10.8,1013.0,0,9.7
Surabaya,Indonesia,-7.2492,112.7508,2026-09-23,2026-09-23 11:00:00,32.1,33.7,Sunny,47,1,0.0,13.3,1012.0,0,11.5
Surabaya,Indonesia,-7.2492,112.7508,2026-09-23,2026-09-23 12:00:00,32.6,33.9,Sunny,44,1,0.0,13.7,1011.0,1,11.5
Surabaya,Indonesia,-7.2492,112.7508,2026-09-23,2026-09-23 13:00:00,33.3,34.4,Sunny,40,1,0.0,12.6,1010.0,0,9.5
Surabaya,Indonesia,-7.2492,112.7508,2026-09-23,2026-09-23 14:00:00,33.3,34.4,Sunny,40,1,0.0,10.1,1009.0,2,6.2
Surabaya,Indonesia,-7.2492,112.7508,2026-09-23,2026-09-23 15:00:00,32.3,33.9,Sunny,45,1,0.0,13.0,1009.0,5,3.1
Surabaya,Indonesia,-7.2492,112.7508,2026-09-23,2026-09-23 16:00:00,30.5,32.6,Sunny,54,2,0.0,19.4,1009.0,5,1.0
Surabaya,Indonesia,-7.2492,112.7508,2026-09-23,2026-09-23 17:00:00,29.0,31.3,Sunny,62,4,0.0,19.8,1010.0,5,0.2
Surabaya,Indonesia,-7.2492,112.7508,2026-09-23,2026-09-23 18:00:00,28.4,30.9,Patchy rain nearby,66,13,0.01,18.4,1011.0,83,0.0
Surabaya,Indonesia,-7.2492,112.7508,2026-09-23,2026-09-23 19:00:00,28.2,31.0,Clear,69,6,0.0,18.0,1012.0,12,0.0
Surabaya,Indonesia,-7.2492,112.7508,2026-09-23,2026-09-23 20:00:00,27.8,30.8,Patchy rain nearby,74,17,0.01,19.1,1013.0,83,0.0
Surabaya,Indonesia,-7.2492,112.7508,2026-09-23,2026-09-23 21:00:00,27.5,30.2,Clear,74,7,0.0,18.0,1013.0,10,0.0
Surabaya,Indonesia,-7.2492,112.7508,2026-09-23,2026-09-23 22:00:00,27.3,29.8,Clear,73,7,0.0,17.3,1013.0,6,0.0
Surabaya,Indonesia,-7.2492,112.7508,2026-09-23,2026-09-23 23:00:00,27.0,29.3,Clear,74,9,0.0,14.0,1013.0,24,0.0
Surabaya,Indonesia,-7.2492,112.7508,2026-09-24,2026-09-24 00:00:00,26.7,28.8,Partly Cloudy,75,13,0.0,11.2,1012.0,60,0.0
Surabaya,Indonesia,-7.2492,112.7508,2026-09-24,2026-09-24 01:00:00,26.6,28.7,Patchy rain nearby,75,17,0.03,9.7,1012.0,71,0.0
Surabaya,Indonesia,-7.2492,112.7508,2026-09-24,2026-09-24 02:00:00,26.6,28.7,Patchy rain nearby,75,18,0.03,9.0,1011.0,76,0.0
Surabaya,Indonesia,-7.2492,112.7508,2026-09-24,2026-09-24 03:00:00,26.5,28.6,Patchy rain nearby,74,18,0.01,8.6,1011.0,88,0.0
Surabaya,Indonesia,-7.2492,112.7508,2026-09-24,2026-09-24 04:00:00,26.3,28.4,Patchy rain nearby,74,21,0.02,6.5,1012.0,100,0.0
Surabaya,Indonesia,-7.2492,112.7508,2026-09-24,2026-09-24 05:00:00,26.0,28.2,Patchy rain nearby,73,20,0.02,5.8,1012.0,94,0.0
Surabaya,Indonesia,-7.2492,112.7508,2026-09-24,2026-09-24 06:00:00,26.1,28.2,Smoky haze,71,18,0.0,5.4,1013.0,100,0.2
Surabaya,Indonesia,-7.2492,112.7508,2026-09-24,2026-09-24 07:00:00,27.4,29.0,Patchy rain nearby,64,15,0.01,7.6,1013.0,96,1.1
Surabaya,Indonesia,-7.2492,112.7508,2026-09-24,2026-09-24 08:00:00,28.9,30.5,Cloudy,58,8,0.0,11.2,1014.0,64,3.5
Surabaya,Indonesia,-7.2492,112.7508,2026-09-24,2026-09-24 09:00:00,29.9,31.5,Partly Cloudy,54,5,0.0,14.4,1014.0,40,6.8
Surabaya,Indonesia,-7.2492,112.7508,2026-09-24,2026-09-24 10:00:00,30.6,32.5,Cloudy,53,8,0.0,16.2,1013.0,69,10.0
Surabaya,Indonesia,-7.2492,112.7508,2026-09-24,2026-09-24 11:00:00,31.2,33.2,Overcast,52,10,0.0,18.4,1012.0,90,12.3
Surabaya,Indonesia,-7.2492,112.7508,2026-09-24,2026-09-24 12:00:00,31.6,33.4,Partly Cloudy,49,5,0.0,19.8,1011.0,51,12.3
Surabaya,Indonesia,-7.2492,112.7508,2026-09-24,2026-09-24 13:00:00,31.9,33.5,Partly Cloudy,47,4,0.0,18.4,1010.0,44,10.3
Surabaya,Indonesia,-7.2492,112.7508,2026-09-24,2026-09-24 14:00:00,32.0,33.8,Partly Cloudy,48,5,0.0,19.4,1009.0,50,6.8
Surabaya,Indonesia,-7.2492,112.7508,2026-09-24,2026-09-24 15:00:00,31.2,33.6,Partly Cloudy,53,4,0.0,20.9,1009.0,34,3.3
Surabaya,Indonesia,-7.2492,112.7508,2026-09-24,2026-09-24 16:00:00,30.1,32.8,Partly Cloudy,59,6,0.0,22.3,1009.0,45,1.1
Surabaya,Indonesia,-7.2492,112.7508,2026-09-24,2026-09-24 17:00:00,29.1,32.0,Sunny,65,5,0.0,22.7,1010.0,9,0.2
Surabaya,Indonesia,-7.2492,112.7508,2026-09-24,2026-09-24 18:00:00,28.1,31.1,Clear,72,7,0.0,22.0,1011.0,21,0.0
Surabaya,Indonesia,-7.2492,112.7508,2026-09-24,2026-09-24 19:00:00,27.9,30.9,Clear,74,8,0.0,21.6,1012.0,13,0.0
Surabaya,Indonesia,-7.2492,112.7508,2026-09-24,2026-09-24 20:00:00,27.6,30.6,Clear,75,8,0.0,19.8,1013.0,13,0.0
Surabaya,Indonesia,-7.2492,112.7508,2026-09-24,2026-09-24 21:00:00,27.5,30.1,Cloudy,74,17,0.0,18.7,1013.0,83,0.0
Surabaya,Indonesia,-7.2492,112.7508,2026-09-24,2026-09-24 22:00:00,27.3,29.8,Overcast,74,18,0.0,17.6,1013.0,92,0.0
Surabaya,Indonesia,-7.2492,112.7508,2026-09-24,2026-09-24 23:00:00,27.2,29.5,Overcast,74,20,0.0,16.6,1013.0,100,0.0
Surabaya,Indonesia,-7.2492,112.7508,2026-09-25,2026-09-25 00:00:00,27.0,29.3,Overcast,74,20,0.0,15.5,1012.0,100,0.0
Surabaya,Indonesia,-7.2492,112.7508,2026-09-25,2026-09-25 01:00:00,26.8,28.9,Overcast,75,20,0.0,12.6,1012.0,97,0.0
Surabaya,Indonesia,-7.2492,112.7508,2026-09-25,2026-09-25 02:00:00,26.4,28.6,Smoky haze,77,21,0.0,10.1,1011.0,99,0.0
Surabaya,Indonesia,-7.2492,112.7508,2026-09-25,2026-09-25 03:00:00,26.1,28.5,Smoky haze,78,22,0.0,7.9,1011.0,100,0.0
Surabaya,Indonesia,-7.2492,112.7508,2026-09-25,2026-09-25 04:00:00,25.8,28.5,Smoky haze,80,23,0.0,6.5,1012.0,100,0.0
Surabaya,Indonesia,-7.2492,112.7508,2026-09-25,2026-09-25 05:00:00,25.6,28.4,Mist,80,23,0.0,6.5,1013.0,100,0.0
Surabaya,Indonesia,-7.2492,112.7508,2026-09-25,2026-09-25 06:00:00,26.1,28.5,Smoky haze,78,20,0.0,7.9,1013.0,90,0.2
Surabaya,Indonesia,-7.2492,112.7508,2026-09-25,2026-09-25 07:00:00,27.4,29.8,Smoky haze,72,14,0.0,11.5,1014.0,74,1.1
Surabaya,Indonesia,-7.2492,112.7508,2026-09-25,2026-09-25 08:00:00,28.7,31.2,Sunny,64,5,0.0,13.7,1014.0,21,3.5
Surabaya,Indonesia,-7.2492,112.7508,2026-09-25,2026-09-25 09:00:00,29.9,32.3,Sunny,58,3,0.0,15.1,1014.0,5,7.0
Surabaya,Indonesia,-7.2492,112.7508,2026-09-25,2026-09-25 10:00:00,30.8,33.0,Sunny,54,2,0.0,16.2,1013.0,5,10.3
Surabaya,Indonesia,-7.2492,112.7508,2026-09-25,2026-09-25 11:00:00,31.6,33.6,Sunny,50,2,0.0,17.3,1012.0,6,12.5
Surabaya,Indonesia,-7.2492,112.7508,2026-09-25,2026-09-25 12:00:00,32.1,34.1,Sunny,48,2,0.0,18.0,1011.0,8,12.4
Surabaya,Indonesia,-7.2492,112.7508,2026-09-25,2026-09-25 13:00:00,32.4,34.0,Sunny,46,1,0.0,18.4,1010.0,6,10.3
Surabaya,Indonesia,-7.2492,112.7508,2026-09-25,2026-09-25 14:00:00,32.3,33.9,Sunny,46,2,0.0,18.0,1010.0,19,6.9
Surabaya,Indonesia,-7.2492,112.7508,2026-09-25,2026-09-25 15:00:00,31.8,33.6,Sunny,48,3,0.0,19.4,1009.0,25,3.4
Surabaya,Indonesia,-7.2492,112.7508,2026-09-25,2026-09-25 16:00:00,30.6,32.6,Partly Cloudy,53,5,0.0,19.4,1010.0,48,1.1
Surabaya,Indonesia,-7.2492,112.7508,2026-09-25,2026-09-25 17:00:00,29.4,31.2,Partly Cloudy,57,6,0.0,20.5,1010.0,50,0.2
Surabaya,Indonesia,-7.2492,112.7508,2026-09-25,2026-09-25 18:00:00,28.4,30.5,Clear,63,4,0.0,19.8,1011.0,5,0.0
Surabaya,Indonesia,-7.2492,112.7508,2026-09-25,2026-09-25 19:00:00,27.9,30.1,Clear,67,5,0.0,20.5,1012.0,5,0.0
Surabaya,Indonesia,-7.2492,112.7508,2026-09-25,2026-09-25 20:00:00,27.6,29.9,Clear,70,6,0.0,18.7,1013.0,17,0.0
Surabaya,Indonesia,-7.2492,112.7508,2026-09-25,2026-09-25 21:00:00,27.4,29.7,Clear,71,6,0.0,15.5,1013.0,9,0.0
Surabaya,Indonesia,-7.2492,112.7508,2026-09-25,2026-09-25 22:00:00,27.2,29.3,Partly Cloudy,72,12,0.0,13.3,1013.0,62,0.0
Surabaya,Indonesia,-7.2492,112.7508,2026-09-25,2026-09-25 23:00:00,26.9,28.9,Partly Cloudy,73,11,0.0,11.2,1012.0,53,0.0
Yogyakarta,Indonesia,-7.7828,110.3608,2026-09-23,2026-09-23 00:00:00,21.1,24.1,Mist,95,38,0.0,4.7,1015.0,100,0.0
Yogyakarta,Indonesia,-7.7828,110.3608,2026-09-23,2026-09-23 01:00:00,21.1,24.0,Mist,96,38,0.0,5.0,1014.0,99,0.0
Yogyakarta,Indonesia,-7.7828,110.3608,2026-09-23,2026-09-23 02:00:00,21.0,24.0,Mist,96,26,0.0,4.7,1014.0,51,0.0
Yogyakarta,Indonesia,-7.7828,110.3608,2026-09-23,2026-09-23 03:00:00,21.0,23.8,Mist,95,25,0.0,5.0,1013.0,42,0.0
Yogyakarta,Indonesia,-7.7828,110.3608,2026-09-23,2026-09-23 04:00:00,20.9,23.6,Mist,95,31,0.0,5.4,1014.0,74,0.0
Yogyakarta,Indonesia,-7.7828,110.3608,2026-09-23,2026-09-23 05:00:00,20.7,23.2,Smoky haze,94,19,0.0,5.8,1014.0,34,0.0
Yogyakarta,Indonesia,-7.7828,110.3608,2026-09-23,2026-09-23 06:00:00,21.2,23.5,Smoky haze,89,15,0.0,5.4,1015.0,27,0.1
Yogyakarta,Indonesia,-7.7828,110.3608,2026-09-23,2026-09-23 07:00:00,23.7,26.3,Smoky haze,72,10,0.0,3.6,1015.0,50,1.0
Yogyakarta,Indonesia,-7.7828,110.3608,2026-09-23,2026-09-23 08:00:00,25.9,27.0,Partly Cloudy,60,6,0.0,7.2,1016.0,40,3.2
Yogyakarta,Indonesia,-7.7828,110.3608,2026-09-23,2026-09-23 09:00:00,28.2,28.6,Sunny,48,2,0.0,9.7,1015.0,5,6.6
Yogyakarta,Indonesia,-7.7828,110.3608,2026-09-23,2026-09-23 10:00:00,30.7,30.3,Sunny,39,1,0.0,10.8,1014.0,5,10.0
Yogyakarta,Indonesia,-7.7828,110.3608,2026-09-23,2026-09-23 11:00:00,32.3,31.2,Sunny,34,1,0.0,13.7,1013.0,5,12.3
Yogyakarta,Indonesia,-7.7828,110.3608,2026-09-23,2026-09-23 12:00:00,33.0,30.9,Sunny,33,1,0.0,17.6,1011.0,5,12.6
Yogyakarta,Indonesia,-7.7828,110.3608,2026-09-23,2026-09-23 13:00:00,32.7,30.0,Sunny,34,1,0.0,21.6,1010.0,4,10.8
Yogyakarta,Indonesia,-7.7828,110.3608,2026-09-23,2026-09-23 14:00:00,31.6,29.0,Sunny,37,1,0.0,22.0,1010.0,3,7.6
Yogyakarta,Indonesia,-7.7828,110.3608,2026-09-23,2026-09-23 15:00:00,30.1,30.0,Sunny,42,1,0.0,19.4,1010.0,5,4.1
Yogyakarta,Indonesia,-7.7828,110.3608,2026-09-23,2026-09-23 16:00:00,28.4,28.6,Sunny,47,2,0.0,16.6,1011.0,5,1.5
Yogyakarta,Indonesia,-7.7828,110.3608,2026-09-23,2026-09-23 17:00:00,26.0,26.2,Sunny,56,3,0.0,13.0,1012.0,5,0.3
Yogyakarta,Indonesia,-7.7828,110.3608,2026-09-23,2026-09-23 18:00:00,23.2,24.6,Clear,74,7,0.0,7.9,1013.0,5,0.0
Yogyakarta,Indonesia,-7.7828,110.3608,2026-09-23,2026-09-23 19:00:00,22.1,24.9,Clear,86,13,0.0,3.6,1014.0,21,0.0
Yogyakarta,Indonesia,-7.7828,110.3608,2026-09-23,2026-09-23 20:00:00,21.7,25.3,Partly Cloudy,90,17,0.0,0.7,1014.0,41,0.0
Yogyakarta,Indonesia,-7.7828,110.3608,2026-09-23,2026-09-23 21:00:00,21.5,24.3,Overcast,90,29,0.0,4.0,1015.0,99,0.0
Yogyakarta,Indonesia,-7.7828,110.3608,2026-09-23,2026-09-23 22:00:00,21.4,24.0,Overcast,91,30,0.0,5.8,1015.0,100,0.0
Yogyakarta,Indonesia,-7.7828,110.3608,2026-09-23,2026-09-23 23:00:00,21.4,24.2,Mist,93,30,0.0,5.0,1014.0,94,0.0
Yogyakarta,Indonesia,-7.7828,110.3608,2026-09-24,2026-09-24 00:00:00,21.2,24.1,Mist,95,38,0.0,5.0,1014.0,100,0.0
Yogyakarta,Indonesia,-7.7828,110.3608,2026-09-24,2026-09-24 01:00:00,21.1,23.9,Mist,95,38,0.0,5.4,1013.0,100,0.0
Yogyakarta,Indonesia,-7.7828,110.3608,2026-09-24,2026-09-24 02:00:00,20.9,23.7,Mist,95,38,0.0,5.4,1013.0,100,0.0
Yogyakarta,Indonesia,-7.7828,110.3608,2026-09-24,2026-09-24 03:00:00,20.9,23.6,Mist,95,38,0.0,5.4,1012.0,100,0.0
Yogyakarta,Indonesia,-7.7828,110.3608,2026-09-24,2026-09-24 04:00:00,20.8,23.4,Mist,95,38,0.0,5.8,1013.0,98,0.0
Yogyakarta,Indonesia,-7.7828,110.3608,2026-09-24,2026-09-24 05:00:00,20.6,23.4,Mist,95,37,0.0,4.3,1013.0,97,0.0
Yogyakarta,Indonesia,-7.7828,110.3608,2026-09-24,2026-09-24 06:00:00,20.6,23.2,Smoky haze,90,17,0.0,3.2,1014.0,38,0.1
Yogyakarta,Indonesia,-7.7828,110.3608,2026-09-24,2026-09-24 07:00:00,23.3,25.9,Smoky haze,74,7,0.0,1.8,1014.0,5,1.0
Yogyakarta,Indonesia,-7.7828,110.3608,2026-09-24,2026-09-24 08:00:00,26.8,27.8,Smoky haze,58,3,0.0,2.5,1014.0,5,3.1
Yogyakarta,Indonesia,-7.7828,110.3608,2026-09-24,2026-09-24 09:00:00,29.2,29.9,Cloudy,49,8,0.0,5.8,1014.0,76,6.4
Yogyakarta,Indonesia,-7.7828,110.3608,2026-09-24,2026-09-24 10:00:00,31.3,31.7,Overcast,43,10,0.0,8.6,1013.0,99,9.9
Yogyakarta,Indonesia,-7.7828,110.3608,2026-09-24,2026-09-24 11:00:00,32.7,32.3,Cloudy,38,5,0.0,14.0,1011.0,64,12.1
Yogyakarta,Indonesia,-7.7828,110.3608,2026-09-24,2026-09-24 12:00:00,33.3,31.6,Cloudy,36,7,0.0,20.2,1010.0,84,12.3
Yogyakarta,Indonesia,-7.7828,110.3608,2026-09-24,2026-09-24 13:00:00,32.9,30.7,Overcast,37,9,0.0,22.0,1010.0,96,10.3
Yogyakarta,Indonesia,-7.7828,110.3608,2026-09-24,2026-09-24 14:00:00,31.8,29.9,Sunny,39,2,0.0,19.8,1009.0,18,6.4
Yogyakarta,Indonesia,-7.7828,110.3608,2026-09-24,2026-09-24 15:00:00,30.5,30.5,Sunny,41,1,0.0,18.4,1010.0,6,3.3
Yogyakarta,Indonesia,-7.7828,110.3608,2026-09-24,2026-09-24 16:00:00,28.6,28.8,Sunny,46,2,0.0,16.6,1010.0,5,1.3
Yogyakarta,Indonesia,-7.7828,110.3608,2026-09-24,2026-09-24 17:00:00,26.2,26.4,Sunny,56,4,0.0,14.0,1011.0,18,0.2
Yogyakarta,Indonesia,-7.7828,110.3608,2026-09-24,2026-09-24 18:00:00,23.3,24.9,Clear,74,7,0.0,7.2,1012.0,6,0.0
Yogyakarta,Indonesia,-7.7828,110.3608,2026-09-24,2026-09-24 19:00:00,22.5,25.5,Smoky haze,85,11,0.0,3.2,1014.0,5,0.0
Yogyakarta,Indonesia,-7.7828,110.3608,2026-09-24,2026-09-24 20:00:00,22.2,25.8,Smoky haze,89,13,0.0,1.4,1014.0,5,0.0
Yogyakarta,Indonesia,-7.7828,110.3608,2026-09-24,2026-09-24 21:00:00,22.1,25.2,Smoky haze,89,24,0.0,4.3,1015.0,79,0.0
Yogyakarta,Indonesia,-7.7828,110.3608,2026-09-24,2026-09-24 22:00:00,22.1,25.2,Smoky haze,89,26,0.0,3.6,1015.0,88,0.0
Yogyakarta,Indonesia,-7.7828,110.3608,2026-09-24,2026-09-24 23:00:00,21.9,25.0,Smoky haze,90,20,0.0,3.6,1015.0,56,0.0
Yogyakarta,Indonesia,-7.7828,110.3608,2026-09-25,2026-09-25 00:00:00,21.6,24.6,Partly Cloudy,92,17,0.0,4.7,1014.0,29,0.0
Yogyakarta,Indonesia,-7.7828,110.3608,2026-09-25,2026-09-25 01:00:00,21.4,24.4,Smoky haze,94,17,0.0,5.0,1013.0,24,0.0
Yogyakarta,Indonesia,-7.7828,110.3608,2026-09-25,2026-09-25 02:00:00,21.3,24.2,Mist,94,23,0.0,4.7,1013.0,31,0.0
Yogyakarta,Indonesia,-7.7828,110.3608,2026-09-25,2026-09-25 03:00:00,21.2,24.0,Smoky haze,94,19,0.0,4.7,1013.0,39,0.0
Yogyakarta,Indonesia,-7.7828,110.3608,2026-09-25,2026-09-25 04:00:00,21.0,23.9,Smoky haze,94,17,0.0,4.3,1013.0,26,0.0
Yogyakarta,Indonesia,-7.7828,110.3608,2026-09-25,2026-09-25 05:00:00,20.9,23.9,Smoky haze,94,23,0.0,3.6,1013.0,61,0.0
Yogyakarta,Indonesia,-7.7828,110.3608,2026-09-25,2026-09-25 06:00:00,20.8,23.3,Smoky haze,89,19,0.0,3.6,1014.0,55,0.1
Yogyakarta,Indonesia,-7.7828,110.3608,2026-09-25,2026-09-25 07:00:00,23.5,26.2,Smoky haze,77,9,0.0,3.6,1015.0,13,0.9
Yogyakarta,Indonesia,-7.7828,110.3608,2026-09-25,2026-09-25 08:00:00,26.7,28.0,Smoky haze,62,4,0.0,4.7,1015.0,13,3.0
Yogyakarta,Indonesia,-7.7828,110.3608,2026-09-25,2026-09-25 09:00:00,29.2,30.1,Sunny,52,3,0.0,6.8,1015.0,18,6.2
Yogyakarta,Indonesia,-7.7828,110.3608,2026-09-25,2026-09-25 10:00:00,31.2,32.0,Sunny,46,1,0.0,9.7,1014.0,6,9.6
Yogyakarta,Indonesia,-7.7828,110.3608,2026-09-25,2026-09-25 11:00:00,32.7,33.8,Partly Cloudy,42,3,0.0,14.4,1012.0,32,11.5
Yogyakarta,Indonesia,-7.7828,110.3608,2026-09-25,2026-09-25 12:00:00,33.0,34.2,Patchy rain nearby,42,5,0.01,20.5,1011.0,59,11.2
Yogyakarta,Indonesia,-7.7828,110.3608,2026-09-25,2026-09-25 13:00:00,31.6,32.7,Patchy rain nearby,45,8,0.02,21.2,1010.0,73,7.7
Yogyakarta,Indonesia,-7.7828,110.3608,2026-09-25,2026-09-25 14:00:00,30.3,31.4,Patchy rain nearby,50,17,0.06,17.3,1010.0,87,4.7
Yogyakarta,Indonesia,-7.7828,110.3608,2026-09-25,2026-09-25 15:00:00,29.2,30.4,Patchy rain nearby,53,17,0.14,13.7,1010.0,56,2.7
Yogyakarta,Indonesia,-7.7828,110.3608,2026-09-25,2026-09-25 16:00:00,28.0,29.2,Patchy rain nearby,57,17,0.06,12.2,1011.0,73,1.0
Yogyakarta,Indonesia,-7.7828,110.3608,2026-09-25,2026-09-25 17:00:00,26.3,27.3,Sunny,64,5,0.0,11.9,1011.0,21,0.2
Yogyakarta,Indonesia,-7.7828,110.3608,2026-09-25,2026-09-25 18:00:00,23.6,25.3,Patchy rain nearby,76,22,0.05,8.3,1013.0,84,0.0
Yogyakarta,Indonesia,-7.7828,110.3608,2026-09-25,2026-09-25 19:00:00,22.7,25.8,Clear,86,13,0.0,4.0,1014.0,19,0.0
Yogyakarta,Indonesia,-7.7828,110.3608,2026-09-25,2026-09-25 20:00:00,22.5,26.3,Smoky haze,88,14,0.0,1.1,1014.0,23,0.0
Yogyakarta,Indonesia,-7.7828,110.3608,2026-09-25,2026-09-25 21:00:00,22.4,26.1,Smoky haze,89,16,0.0,1.1,1015.0,32,0.0
Yogyakarta,Indonesia,-7.7828,110.3608,2026-09-25,2026-09-25 22:00:00,22.3,25.8,Smoky haze,88,16,0.0,2.2,1015.0,40,0.0
Yogyakarta,Indonesia,-7.7828,110.3608,2026-09-25,2026-09-25 23:00:00,22.3,25.5,Smoky haze,88,16,0.0,2.9,1014.0,34,0.0
